Workbook

Sheet Calculator
A1: Residential CO2 Footprint Calculator
A2: Enter the blue cells (dropdowns). Lifecycle basis: combustion + upstream (well-to-tank). Results update in Excel / LibreOffice.
A4: INPUTS
A5: Jurisdiction (province/state) | B5: ON | D5: QC ON AB BC CO MI NY WA
A6: Dwelling vintage | B6: 1984-1999 | D6: pre-1960 / 1960-1983 / 1984-1999 / 2000+
A7: Dwelling type | B7: detached | D7: detached / attached / apartment
A8: Floor area (heated) | B8: 140 | D8: number
A9: Area units | B9: m2 | D9: m2 or ft2
A10: Space heating system | B10: Natural gas | D10: ...or Don't know (country-average mix)
A11: Water heating system | B11: Natural gas | D11: ...or Don't know (country-average mix)
A12: Air conditioning? | B12: Yes | D12: Yes / No
A13: Household size (people) | B13: 2 | D13: 1 / 2 / 3 / 4 / 5 / 6+
A14: Windows/insulation significantly upgraded? | B14: No | D14: Yes / No / Unsure (Yes = -15% heating & cooling demand)
A15: INTERMEDIATE
A16: Floor area (m2) | B16: =IF($B$9="ft2",$B$8*0.092903,$B$8) -> 140
A17: Vintage key | B17: =$B$5&"|"&$B$6 -> ON|1984-1999
A18: Dwelling key | B18: =$B$5&"|"&$B$7 -> ON|detached
A19: Grid factor (kg CO2e/GJ, delivered, lifecycle) | B19: =INDEX(P_EF_Elec!$F:$F,MATCH($B$5,P_EF_Elec!$A:$A,0)) -> 13.955564
A20: Envelope factor (type) | B20: =INDEX(P_BuildingType!$B:$B,MATCH($B$7,P_BuildingType!$A:$A,0)) -> 1
A21: Other-elec size factor | B21: =INDEX(P_Size!$B:$B,MATCH($B$13&"",P_Size!$A:$A,0)) -> 1
A22: Retrofit factor (windows/insulation) | B22: =IF($B$14="Yes",0.85,1) -> 1
A23: RESULTS (kg CO2e / year, lifecycle)
A24: End use | B24: kg CO2e/yr | D24: Energy (GJ/yr) and fuel
A25: Space heating | B25: =IF($B$10="Don't know",$I$25*INDEX(P_DKHeat!$K:$K,MATCH($B$5,P_DKHeat!$A:$A,0)),$G$25*$H$25) -> 3981.6629 | D25: =TEXT($G$25,"0.0")&" GJ "&$F$25 -> 62.9 GJ Natural gas | E25: =IF($B$10="Don't know","mixed",IF($B$10="Natural gas",INDEX(P_GasEff!$B:$B,MATCH($B$5,P_GasEff!$A:$A,0)),IF($B$10="Electric heat pump",INDEX(P_HPcop!$B:$B,MATCH($B$5,P_HPcop!$A:$A,0)),INDEX(P_Systems!$C:$C,MATCH($B$10,P_Systems!$A:$A,0))))) -> 0.89 | F25: =IF($B$10="Don't know","mixed",INDEX(P_Systems!$B:$B,MATCH($B$10,P_Systems!$A:$A,0))) -> Natural gas | G25: =IF($B$10="Don't know",$I$25*INDEX(P_DKHeat!$L:$L,MATCH($B$5,P_DKHeat!$A:$A,0)),$I$25/$E$25) -> 62.921348 | H25: =IF($B$10="Don't know",0,IF($F$25="Electricity",$B$19,INDEX(P_EF_Fuel!$D:$D,MATCH($F$25,P_EF_Fuel!$A:$A,0)))) -> 63.28 | I25: =INDEX(P_Heating!$B:$B,MATCH($B$17,P_Heating!$A:$A,0))*$B$16*$B$20*$B$22 -> 56
A26: Water heating | B26: =IF($B$11="Don't know",$I$26*INDEX(P_DKWater!$H:$H,MATCH($B$5,P_DKWater!$A:$A,0)),$G$26*$H$26) -> 1181.2267 | D26: =TEXT($G$26,"0.0")&" GJ "&$F$26 -> 18.7 GJ Natural gas | E26: =IF($B$11="Don't know","mixed",INDEX(P_WaterHeat!$C:$C,MATCH($B$11,P_WaterHeat!$A:$A,0))) -> 0.6 | F26: =IF($B$11="Don't know","mixed",INDEX(P_WaterHeat!$B:$B,MATCH($B$11,P_WaterHeat!$A:$A,0))) -> Natural gas | G26: =IF($B$11="Don't know",$I$26*INDEX(P_DKWater!$I:$I,MATCH($B$5,P_DKWater!$A:$A,0)),$I$26/$E$26) -> 18.666667 | H26: =IF($B$11="Don't know",0,IF($F$26="Electricity",$B$19,INDEX(P_EF_Fuel!$D:$D,MATCH($F$26,P_EF_Fuel!$A:$A,0)))) -> 63.28 | I26: =INDEX(P_U_water!$B:$B,MATCH($B$18,P_U_water!$A:$A,0)) -> 11.2
A27: Air conditioning | B27: =$G$27*$B$19 -> 44.936916 | D27: =TEXT($G$27,"0.0")&" GJ electricity" -> 3.2 GJ electricity | G27: =IF($B$12="Yes",INDEX(P_Cooling!$B:$B,MATCH($B$17,P_Cooling!$A:$A,0))*$B$16*$B$20*$B$22,0) -> 3.22
A28: Other electricity (appliances, lighting, plug) | B28: =$G$28*$B$19 -> 178.63122 | D28: =TEXT($G$28,"0.0")&" GJ electricity" -> 12.8 GJ electricity | G28: =INDEX(P_OtherElec!$B:$B,MATCH($B$5,P_OtherElec!$A:$A,0))*$B$21 -> 12.8
A29: TOTAL (kg CO2e/yr) | B29: =SUM(B25:B28) -> 5386.4577
A30: TOTAL (tonnes CO2e/yr) | B30: =B29/1000 -> 5.3864577
A31: Intensity (kg CO2e/m2/yr) | B31: =$B$29/$B$16 -> 38.474698
A32: Intensity (kg CO2e/ft2/yr) | B32: =$B$29/($B$16/0.092903) -> 3.5744149

Sheet P_Heating
A1: key | B1: D_GJ_per_m2
A2: QC|pre-1960 | B2: 0.85
A3: QC|1960-1983 | B3: 0.65
A4: QC|1984-1999 | B4: 0.45
A5: QC|2000+ | B5: 0.34
A6: ON|pre-1960 | B6: 0.85
A7: ON|1960-1983 | B7: 0.55
A8: ON|1984-1999 | B8: 0.4
A9: ON|2000+ | B9: 0.33
A10: AB|pre-1960 | B10: 0.9
A11: AB|1960-1983 | B11: 0.65
A12: AB|1984-1999 | B12: 0.45
A13: AB|2000+ | B13: 0.36
... A33: WA|2000+ | B33: 0.182

Sheet P_Cooling
A1: key | B1: cool_GJ_per_m2
A2: QC|pre-1960 | B2: 0.053
A3: QC|1960-1983 | B3: 0.041
A4: QC|1984-1999 | B4: 0.029
A5: QC|2000+ | B5: 0.024
A6: ON|pre-1960 | B6: 0.043
A7: ON|1960-1983 | B7: 0.033
A8: ON|1984-1999 | B8: 0.023
A9: ON|2000+ | B9: 0.019
A10: AB|pre-1960 | B10: 0.009
A11: AB|1960-1983 | B11: 0.007
A12: AB|1984-1999 | B12: 0.005
A13: AB|2000+ | B13: 0.004
... A33: WA|2000+ | B33: 0.019

Sheet P_BuildingType
A1: building_type | B1: envelope_factor
A2: detached | B2: 1
A3: attached | B3: 0.85
A4: apartment | B4: 0.7
A6: Applied to heating & cooling (envelope/area effect). Source: NRCan CEUD Table 33 building-type ratios.

Sheet P_Systems
A1: heating_system | B1: fuel | C1: efficiency_or_COP
A2: Natural gas | B2: Natural gas | C2: 0.85
A3: Heating oil / propane | B3: Oil/propane | C3: 0.84
A4: Electric baseboard | B4: Electricity | C4: 1
A5: Electric heat pump | B5: Electricity | C5: 1.9
A6: Wood | B6: Wood | C6: 0.65

Sheet P_WaterHeat
A1: water_heater | B1: fuel | C1: efficiency_or_COP
A2: Natural gas | B2: Natural gas | C2: 0.6
A3: Electric | B3: Electricity | C3: 0.9
A4: Heating oil / propane | B4: Oil/propane | C4: 0.59
A5: Heat-pump water heater | B5: Electricity | C5: 2.5

Sheet P_U_water
A1: key | B1: useful_hotwater_GJ_per_hh
A2: QC|detached | B2: 12.4
A3: QC|attached | B3: 11.3
A4: QC|apartment | B4: 8.5
A5: ON|detached | B5: 11.2
A6: ON|attached | B6: 10.2
A7: ON|apartment | B7: 7.6
A8: AB|detached | B8: 19.8
A9: AB|attached | B9: 18
A10: AB|apartment | B10: 13.5
A11: BC|detached | B11: 15.8
A12: BC|attached | B12: 14.4
A13: BC|apartment | B13: 10.8
... A25: WA|apartment | B25: 10

Sheet P_OtherElec
A1: jurisdiction | B1: other_elec_base_GJ_per_hh
A2: QC | B2: 20.2
A3: ON | B3: 12.8
A4: AB | B4: 16.2
A5: BC | B5: 17
A6: CO | B6: 21
A7: MI | B7: 21
A8: NY | B8: 16
A9: WA | B9: 20
A11: Average-household baseline; multiplied by household-size factor (P_Size). NRCan Table 2 (CA); RECS 2020 (US).

Sheet P_Size
A1: household_size | B1: other_elec_factor | C1: water_factor_ref
A2: 1 | B2: 0.66 | C2: 0.64
A3: 2 | B3: 1 | C3: 0.95
A4: 3 | B4: 1.17 | C4: 1.21
A5: 4 | B5: 1.3 | C5: 1.4
A6: 5 | B6: 1.41 | C6: 1.52
A7: 6+ | B7: 1.51 | C7: 1.55
A9: Household-size load factors (normalized to mean=1), RECS 2020 (CO/MI/NY/WA pooled). other_elec_factor used; water_factor_ref optional.

Sheet P_EF_Fuel
A1: fuel | B1: combustion_kgCO2e_GJ | C1: upstream_kgCO2e_GJ | D1: lifecycle_kgCO2e_GJ
A2: Natural gas | B2: 50.3 | C2: 12.98 | D2: =B2+C2 -> 63.28
A3: Oil/propane | B3: 65.1 | C3: 14.7 | D3: =B3+C3 -> 79.8
A4: Wood | B4: 1.1 | C4: 0 | D4: =B4+C4 -> 1.1
A6: Combustion: EPA GHG Emission Factors Hub 2025 (CO2e, HHV; Oil/propane = mean of distillate 70.3 & propane 59.8). Upstream/well-to-tank: DOE BTO Best Practices Jan 2025 Table 2 / RESNET 301-2022 Add.B (NG +12.98; oil +13.89 & propane +15.54 -> mean +14.7). Wood biogenic-neutral; upstream excluded. lifecycle = combustion + upstream (USED in calc).

Sheet P_EF_Elec
A1: jurisdiction | B1: gCO2e_per_kWh | C1: grid_gross_loss | D1: combustion_kgCO2e_GJ_delivered | E1: upstream_kgCO2e_GJ | F1: lifecycle_kgCO2e_GJ_delivered
A2: QC | B2: 1.7 | C2: 0 | D2: =B2*0.277778/(1-C2) -> 0.4722226 | E2: 0.2 | F2: =D2+E2 -> 0.6722226
A3: ON | B3: 38 | C3: 0 | D3: =B3*0.277778/(1-C3) -> 10.555564 | E3: 3.4 | F3: =D3+E3 -> 13.955564
A4: AB | B4: 490 | C4: 0 | D4: =B4*0.277778/(1-C4) -> 136.11122 | E4: 22.7 | F4: =D4+E4 -> 158.81122
A5: BC | B5: 15 | C5: 0 | D5: =B5*0.277778/(1-C5) -> 4.16667 | E5: 1.3 | F5: =D5+E5 -> 5.46667
A6: CO | B6: 495 | C6: 0.041 | D6: =B6*0.277778/(1-C6) -> 143.37863 | E6: 16.1 | F6: =D6+E6 -> 159.47863
A7: MI | B7: 362 | C7: 0.042 | D7: =B7*0.277778/(1-C7) -> 104.96413 | E7: 18.4 | F7: =D7+E7 -> 123.36413
A8: NY | B8: 212 | C8: 0.042 | D8: =B8*0.277778/(1-C8) -> 61.470706 | E8: 14.7 | F8: =D8+E8 -> 76.170706
A9: WA | B9: 121 | C9: 0.041 | D9: =B9*0.277778/(1-C9) -> 35.048111 | E9: 6.7 | F9: =D9+E9 -> 41.748111
A11: Combustion (D): Canada ECCC Table 5.2 consumption intensity 2025 (delivered, loss=0); US eGRID2023 output rates grossed up by subregion grid gross loss. Upstream (E, precombustion): computed = grid gas/coal/oil share x heat rate (NG 7.8, coal 10.3, oil 10.5 MMBtu/MWh) x fuel upstream (NG 13.69, coal 7.0, oil 14.66 kg/MMBtu); US mix eGRID2023, Canada CER 2023. lifecycle = combustion + upstream (USED in calc).

Sheet P_GasEff
A1: jurisdiction | B1: gas_furnace_efficiency
A2: QC | B2: 0.88
A3: ON | B3: 0.89
A4: AB | B4: 0.87
A5: BC | B5: 0.87
A6: CO | B6: 0.85
A7: MI | B7: 0.85
A8: NY | B8: 0.85
A9: WA | B9: 0.85
A11: Province: NRCan Table 21 gas-furnace tier shares x Table 26 tier efficiencies (Medium 80%, High 90%). US states: ~0.85 national fleet (DOE/AHRI condensing share).

Sheet P_HPcop
A1: jurisdiction | B1: heatpump_seasonal_COP
A2: QC | B2: 1.9
A3: ON | B3: 1.9
A4: AB | B4: 1.9
A5: BC | B5: 1.9
A6: CO | B6: 2
A7: MI | B7: 2
A8: NY | B8: 2
A9: WA | B9: 2
A11: Canada (QC/ON/AB/BC)=1.9: NRCan CEUD Table 26 national stock COP. US (CO/MI/NY/WA)=2.0: US federal-minimum HSPF 6.8 / 3.412. Conservative whole-stock; modern units higher.

Sheet P_DKHeat
A1: jurisdiction | B1: country | C1: w_gas | D1: w_oilprop | E1: w_baseboard | F1: w_heatpump | G1: w_wood | H1: grid_kg_GJ_lifecycle | I1: gas_eff | J1: hp_cop | K1: DK_EFperEff | L1: DK_energy_per_demand
A2: QC | B2: CA | C2: 0.443 | D2: 0.059 | E2: 0.374 | F2: 0.079 | G2: 0.045 | H2: =INDEX(P_EF_Elec!$F:$F,MATCH(A2,P_EF_Elec!$A:$A,0)) -> 0.6722226 | I2: =INDEX(P_GasEff!$B:$B,MATCH(A2,P_GasEff!$A:$A,0)) -> 0.88 | J2: =INDEX(P_HPcop!$B:$B,MATCH(A2,P_HPcop!$A:$A,0)) -> 1.9 | K2: =C2*(63.28/I2)+D2*(79.8/0.84)+E2*H2+F2*(H2/J2)+G2*(1.1/0.65) -> 37.816243 | L2: =C2/I2+D2/0.84+E2+F2/J2+G2/0.65 -> 1.0584569
A3: ON | B3: CA | C3: 0.443 | D3: 0.059 | E3: 0.374 | F3: 0.079 | G3: 0.045 | H3: =INDEX(P_EF_Elec!$F:$F,MATCH(A3,P_EF_Elec!$A:$A,0)) -> 13.955564 | I3: =INDEX(P_GasEff!$B:$B,MATCH(A3,P_GasEff!$A:$A,0)) -> 0.89 | J3: =INDEX(P_HPcop!$B:$B,MATCH(A3,P_HPcop!$A:$A,0)) -> 1.9 | K3: =C3*(63.28/I3)+D3*(79.8/0.84)+E3*H3+F3*(H3/J3)+G3*(1.1/0.65) -> 42.97859 | L3: =C3/I3+D3/0.84+E3+F3/J3+G3/0.65 -> 1.0528006
A4: AB | B4: CA | C4: 0.443 | D4: 0.059 | E4: 0.374 | F4: 0.079 | G4: 0.045 | H4: =INDEX(P_EF_Elec!$F:$F,MATCH(A4,P_EF_Elec!$A:$A,0)) -> 158.81122 | I4: =INDEX(P_GasEff!$B:$B,MATCH(A4,P_GasEff!$A:$A,0)) -> 0.87 | J4: =INDEX(P_HPcop!$B:$B,MATCH(A4,P_HPcop!$A:$A,0)) -> 1.9 | K4: =C4*(63.28/I4)+D4*(79.8/0.84)+E4*H4+F4*(H4/J4)+G4*(1.1/0.65) -> 103.90164 | L4: =C4/I4+D4/0.84+E4+F4/J4+G4/0.65 -> 1.0642432
A5: BC | B5: CA | C5: 0.443 | D5: 0.059 | E5: 0.374 | F5: 0.079 | G5: 0.045 | H5: =INDEX(P_EF_Elec!$F:$F,MATCH(A5,P_EF_Elec!$A:$A,0)) -> 5.46667 | I5: =INDEX(P_GasEff!$B:$B,MATCH(A5,P_GasEff!$A:$A,0)) -> 0.87 | J5: =INDEX(P_HPcop!$B:$B,MATCH(A5,P_HPcop!$A:$A,0)) -> 1.9 | K5: =C5*(63.28/I5)+D5*(79.8/0.84)+E5*H5+F5*(H5/J5)+G5*(1.1/0.65) -> 40.174872 | L5: =C5/I5+D5/0.84+E5+F5/J5+G5/0.65 -> 1.0642432
A6: CO | B6: US | C6: 0.533 | D6: 0.086 | E6: 0.216 | F6: 0.146 | G6: 0.019 | H6: =INDEX(P_EF_Elec!$F:$F,MATCH(A6,P_EF_Elec!$A:$A,0)) -> 159.47863 | I6: =INDEX(P_GasEff!$B:$B,MATCH(A6,P_GasEff!$A:$A,0)) -> 0.85 | J6: =INDEX(P_HPcop!$B:$B,MATCH(A6,P_HPcop!$A:$A,0)) -> 2 | K6: =C6*(63.28/I6)+D6*(79.8/0.84)+E6*H6+F6*(H6/J6)+G6*(1.1/0.65) -> 93.971761 | L6: =C6/I6+D6/0.84+E6+F6/J6+G6/0.65 -> 1.0476705
A7: MI | B7: US | C7: 0.533 | D7: 0.086 | E7: 0.216 | F7: 0.146 | G7: 0.019 | H7: =INDEX(P_EF_Elec!$F:$F,MATCH(A7,P_EF_Elec!$A:$A,0)) -> 123.36413 | I7: =INDEX(P_GasEff!$B:$B,MATCH(A7,P_GasEff!$A:$A,0)) -> 0.85 | J7: =INDEX(P_HPcop!$B:$B,MATCH(A7,P_HPcop!$A:$A,0)) -> 2 | K7: =C7*(63.28/I7)+D7*(79.8/0.84)+E7*H7+F7*(H7/J7)+G7*(1.1/0.65) -> 83.53467 | L7: =C7/I7+D7/0.84+E7+F7/J7+G7/0.65 -> 1.0476705
A8: NY | B8: US | C8: 0.533 | D8: 0.086 | E8: 0.216 | F8: 0.146 | G8: 0.019 | H8: =INDEX(P_EF_Elec!$F:$F,MATCH(A8,P_EF_Elec!$A:$A,0)) -> 76.170706 | I8: =INDEX(P_GasEff!$B:$B,MATCH(A8,P_GasEff!$A:$A,0)) -> 0.85 | J8: =INDEX(P_HPcop!$B:$B,MATCH(A8,P_HPcop!$A:$A,0)) -> 2 | K8: =C8*(63.28/I8)+D8*(79.8/0.84)+E8*H8+F8*(H8/J8)+G8*(1.1/0.65) -> 69.89577 | L8: =C8/I8+D8/0.84+E8+F8/J8+G8/0.65 -> 1.0476705
A9: WA | B9: US | C9: 0.533 | D9: 0.086 | E9: 0.216 | F9: 0.146 | G9: 0.019 | H9: =INDEX(P_EF_Elec!$F:$F,MATCH(A9,P_EF_Elec!$A:$A,0)) -> 41.748111 | I9: =INDEX(P_GasEff!$B:$B,MATCH(A9,P_GasEff!$A:$A,0)) -> 0.85 | J9: =INDEX(P_HPcop!$B:$B,MATCH(A9,P_HPcop!$A:$A,0)) -> 2 | K9: =C9*(63.28/I9)+D9*(79.8/0.84)+E9*H9+F9*(H9/J9)+G9*(1.1/0.65) -> 59.94764 | L9: =C9/I9+D9/0.84+E9+F9/J9+G9/0.65 -> 1.0476705
A11: Used when space-heating = "Don't know". Lifecycle (combustion+upstream) factors. Weights: Canada NRCan Table 27 (2023); US RECS 2020.

Sheet P_DKWater
A1: jurisdiction | B1: country | C1: w_gas | D1: w_electric | E1: w_oilprop | F1: w_hpwh | G1: grid_kg_GJ_lifecycle | H1: DK_EFperEff | I1: DK_energy_per_U
A2: QC | B2: CA | C2: 0.49 | D2: 0.492 | E2: 0.018 | F2: 0 | G2: =INDEX(P_EF_Elec!$F:$F,MATCH(A2,P_EF_Elec!$A:$A,0)) -> 0.6722226 | H2: =C2*(63.28/0.6)+D2*(G2/0.9)+E2*(79.8/0.59)+F2*(G2/2.5) -> 54.480725 | I2: =C2/0.6+D2/0.9+E2/0.59+F2/2.5 -> 1.3938418
A3: ON | B3: CA | C3: 0.49 | D3: 0.492 | E3: 0.018 | F3: 0 | G3: =INDEX(P_EF_Elec!$F:$F,MATCH(A3,P_EF_Elec!$A:$A,0)) -> 13.955564 | H3: =C3*(63.28/0.6)+D3*(G3/0.9)+E3*(79.8/0.59)+F3*(G3/2.5) -> 61.742285 | I3: =C3/0.6+D3/0.9+E3/0.59+F3/2.5 -> 1.3938418
A4: AB | B4: CA | C4: 0.49 | D4: 0.492 | E4: 0.018 | F4: 0 | G4: =INDEX(P_EF_Elec!$F:$F,MATCH(A4,P_EF_Elec!$A:$A,0)) -> 158.81122 | H4: =C4*(63.28/0.6)+D4*(G4/0.9)+E4*(79.8/0.59)+F4*(G4/2.5) -> 140.93004 | I4: =C4/0.6+D4/0.9+E4/0.59+F4/2.5 -> 1.3938418
A5: BC | B5: CA | C5: 0.49 | D5: 0.492 | E5: 0.018 | F5: 0 | G5: =INDEX(P_EF_Elec!$F:$F,MATCH(A5,P_EF_Elec!$A:$A,0)) -> 5.46667 | H5: =C5*(63.28/0.6)+D5*(G5/0.9)+E5*(79.8/0.59)+F5*(G5/2.5) -> 57.101689 | I5: =C5/0.6+D5/0.9+E5/0.59+F5/2.5 -> 1.3938418
A6: CO | B6: US | C6: 0.482 | D6: 0.463 | E6: 0.055 | F6: 0 | G6: =INDEX(P_EF_Elec!$F:$F,MATCH(A6,P_EF_Elec!$A:$A,0)) -> 159.47863 | H6: =C6*(63.28/0.6)+D6*(G6/0.9)+E6*(79.8/0.59)+F6*(G6/2.5) -> 140.31681 | I6: =C6/0.6+D6/0.9+E6/0.59+F6/2.5 -> 1.4109981
A7: MI | B7: US | C7: 0.482 | D7: 0.463 | E7: 0.055 | F7: 0 | G7: =INDEX(P_EF_Elec!$F:$F,MATCH(A7,P_EF_Elec!$A:$A,0)) -> 123.36413 | H7: =C7*(63.28/0.6)+D7*(G7/0.9)+E7*(79.8/0.59)+F7*(G7/2.5) -> 121.73791 | I7: =C7/0.6+D7/0.9+E7/0.59+F7/2.5 -> 1.4109981
A8: NY | B8: US | C8: 0.482 | D8: 0.463 | E8: 0.055 | F8: 0 | G8: =INDEX(P_EF_Elec!$F:$F,MATCH(A8,P_EF_Elec!$A:$A,0)) -> 76.170706 | H8: =C8*(63.28/0.6)+D8*(G8/0.9)+E8*(79.8/0.59)+F8*(G8/2.5) -> 97.459513 | I8: =C8/0.6+D8/0.9+E8/0.59+F8/2.5 -> 1.4109981
A9: WA | B9: US | C9: 0.482 | D9: 0.463 | E9: 0.055 | F9: 0 | G9: =INDEX(P_EF_Elec!$F:$F,MATCH(A9,P_EF_Elec!$A:$A,0)) -> 41.748111 | H9: =C9*(63.28/0.6)+D9*(G9/0.9)+E9*(79.8/0.59)+F9*(G9/2.5) -> 79.751 | I9: =C9/0.6+D9/0.9+E9/0.59+F9/2.5 -> 1.4109981
A11: Used when water-heating = "Don't know". Lifecycle factors. Weights: Canada NRCan Table 34 (2023); US RECS 2020. HPWH ~0 (folded into electric).
